<?xml version="1.0" encoding="utf-8"?>
<modification>
	<name>intarget modification</name>
	<code>intarget modification</code>
	<version>1.0.1</version>
	<author>inTarget Team</author>
	<link>https://intarget.ru/</link>

	<file path="catalog/controller/checkout/cart.php">
		<operation>
			<search><![CDATA[$json['success'] = sprintf($this->language->get('text_success'), $this->url->link('product/product', 'product_id=' . $this->request->post['product_id']), $product_info['name'], $this->url->link('checkout/cart'));]]></search>
			<add position="after"><![CDATA[$json['success'] .= "<script type=\"text/javascript\">(function(w, c) {w[c] = w[c] || [];w[c].push(function(inTarget) {inTarget.event('add-to-cart');});})(window, 'inTargetCallbacks');</script>";]]></add>
		</operation>
		<operation>
			<search index="1"><![CDATA[$json['total'] = sprintf($this->language->get('text_items'), $this->cart->countProducts() + (isset($this->session->data['vouchers']) ? count($this->session->data['vouchers']) : 0), $this->currency->format($total));]]></search>
			<add position="after"><![CDATA[$json['total'] .= "<script type=\"text/javascript\">(function(w, c) {w[c] = w[c] || [];w[c].push(function(inTarget) {inTarget.event('del-from-cart');});})(window, 'inTargetCallbacks');</script>";]]></add>
		</operation>
	</file>

	<file path="catalog/view/theme/*/template/product/category.tpl">
		<operation>
			<search><![CDATA[<div class="container">]]></search>
			<add position="after"><![CDATA[<script type="text/javascript">
(function(w, c) {
    w[c] = w[c] || [];
    w[c].push(function(inTarget) {
        inTarget.event('cat-view');
    });
})(window, 'inTargetCallbacks');
</script>]]></add>
		</operation>
	</file>

	<file path="catalog/view/theme/*/template/checkout/checkout.tpl">
		<operation>
			<search><![CDATA[var shipping_address = $('#payment-address input[name=\'shipping_address\']:checked').prop('value');]]></search>
			<add position="before" offset="1"><![CDATA[(function(w, c) {w[c] = w[c] || [];w[c].push(function(inTarget) {inTarget.event('user-reg');});})(window, 'inTargetCallbacks');]]></add>
		</operation>
	</file>

	<file path="catalog/view/theme/*/template/product/product.tpl">
		<operation>
			<search><![CDATA[<div class="container">]]></search>
			<add position="after"><![CDATA[<script>
(function(w, c) {
    w[c] = w[c] || [];
    w[c].push(function(inTarget) {
        inTarget.event('item-view');
    });
})(window, 'inTargetCallbacks');
</script>]]></add>
		</operation>
	</file>

	<file path="catalog/controller/checkout/register.php">
		<operation>
			<search><![CDATA[$data['button_upload'] = $this->language->get('button_upload');]]></search>
			<add position="before"><![CDATA[$data['intarget_script'] = "<script>(function(w, c) {w[c] = w[c] || [];w[c].push(function(inTarget) {inTarget.event('user-reg');});})(window, 'inTargetCallbacks');</script>";]]></add>
		</operation>
	</file>

	<file path="catalog/controller/checkout/success.php">
		<operation>
			<search><![CDATA[$data['button_continue'] = $this->language->get('button_continue');]]></search>
			<add position="after"><![CDATA[$data['button_continue'] .= "<script>(function(w, c) {w[c] = w[c] || [];w[c].push(function(inTarget) {inTarget.event('user-reg');});})(window, 'inTargetCallbacks');</script>";]]></add>
		</operation>
	</file>

	<file path="catalog/controller/account/success.php">
		<operation>
			<search><![CDATA[$data['button_continue'] = $this->language->get('button_continue');]]></search>
			<add position="after"><![CDATA[$data['button_continue'] .= "<script>(function(w, c) {w[c] = w[c] || [];w[c].push(function(inTarget) {inTarget.event('user-reg');});})(window, 'inTargetCallbacks');</script>";]]></add>
		</operation>
	</file>

</modification>	